Workbook

Sheet My picks
A1: Team | B1: Abbr | C1: Conference | D1: Division | E1: 2025-26 W-L | F1: My wins | G1: My losses | H1: Conf. rank | I1: key
A2: Atlanta Hawks | B2: ATL | C2: East | D2: Southeast | E2: 46-36 | F2: 42 | G2: =IF(F2="","",82-F2) -> 40 | H2: =IF(F2="","",COUNTIFS($C$2:$C$31,C2,$F$2:$F$31,">"&F2)+COUNTIFS($C$2:$C$31,C2,$F$2:$F$31,F2,$A$2:$A$31,"<"&A2)+1) -> 10 | I2: =IF(H2="","",C2&"-"&H2) -> East-10
A3: Boston Celtics | B3: BOS | C3: East | D3: Atlantic | E3: 56-26 | F3: 49 | G3: =IF(F3="","",82-F3) -> 33 | H3: =IF(F3="","",COUNTIFS($C$2:$C$31,C3,$F$2:$F$31,">"&F3)+COUNTIFS($C$2:$C$31,C3,$F$2:$F$31,F3,$A$2:$A$31,"<"&A3)+1) -> 4 | I3: =IF(H3="","",C3&"-"&H3) -> East-4
A4: Brooklyn Nets | B4: BRK | C4: East | D4: Atlantic | E4: 20-62 | F4: 25 | G4: =IF(F4="","",82-F4) -> 57 | H4: =IF(F4="","",COUNTIFS($C$2:$C$31,C4,$F$2:$F$31,">"&F4)+COUNTIFS($C$2:$C$31,C4,$F$2:$F$31,F4,$A$2:$A$31,"<"&A4)+1) -> 14 | I4: =IF(H4="","",C4&"-"&H4) -> East-14
A5: Charlotte Hornets | B5: CHO | C5: East | D5: Southeast | E5: 44-38 | F5: 34 | G5: =IF(F5="","",82-F5) -> 48 | H5: =IF(F5="","",COUNTIFS($C$2:$C$31,C5,$F$2:$F$31,">"&F5)+COUNTIFS($C$2:$C$31,C5,$F$2:$F$31,F5,$A$2:$A$31,"<"&A5)+1) -> 13 | I5: =IF(H5="","",C5&"-"&H5) -> East-13
A6: Chicago Bulls | B6: CHI | C6: East | D6: Central | E6: 31-51 | F6: 35 | G6: =IF(F6="","",82-F6) -> 47 | H6: =IF(F6="","",COUNTIFS($C$2:$C$31,C6,$F$2:$F$31,">"&F6)+COUNTIFS($C$2:$C$31,C6,$F$2:$F$31,F6,$A$2:$A$31,"<"&A6)+1) -> 12 | I6: =IF(H6="","",C6&"-"&H6) -> East-12
A7: Cleveland Cavaliers | B7: CLE | C7: East | D7: Central | E7: 52-30 | F7: 47 | G7: =IF(F7="","",82-F7) -> 35 | H7: =IF(F7="","",COUNTIFS($C$2:$C$31,C7,$F$2:$F$31,">"&F7)+COUNTIFS($C$2:$C$31,C7,$F$2:$F$31,F7,$A$2:$A$31,"<"&A7)+1) -> 7 | I7: =IF(H7="","",C7&"-"&H7) -> East-7
A8: Detroit Pistons | B8: DET | C8: East | D8: Central | E8: 60-22 | F8: 53 | G8: =IF(F8="","",82-F8) -> 29 | H8: =IF(F8="","",COUNTIFS($C$2:$C$31,C8,$F$2:$F$31,">"&F8)+COUNTIFS($C$2:$C$31,C8,$F$2:$F$31,F8,$A$2:$A$31,"<"&A8)+1) -> 2 | I8: =IF(H8="","",C8&"-"&H8) -> East-2
A9: Indiana Pacers | B9: IND | C9: East | D9: Central | E9: 19-63 | F9: 50 | G9: =IF(F9="","",82-F9) -> 32 | H9: =IF(F9="","",COUNTIFS($C$2:$C$31,C9,$F$2:$F$31,">"&F9)+COUNTIFS($C$2:$C$31,C9,$F$2:$F$31,F9,$A$2:$A$31,"<"&A9)+1) -> 3 | I9: =IF(H9="","",C9&"-"&H9) -> East-3
A10: Miami Heat | B10: MIA | C10: East | D10: Southeast | E10: 43-39 | F10: 48 | G10: =IF(F10="","",82-F10) -> 34 | H10: =IF(F10="","",COUNTIFS($C$2:$C$31,C10,$F$2:$F$31,">"&F10)+COUNTIFS($C$2:$C$31,C10,$F$2:$F$31,F10,$A$2:$A$31,"<"&A10)+1) -> 6 | I10: =IF(H10="","",C10&"-"&H10) -> East-6
A11: Milwaukee Bucks | B11: MIL | C11: East | D11: Central | E11: 32-50 | F11: 23 | G11: =IF(F11="","",82-F11) -> 59 | H11: =IF(F11="","",COUNTIFS($C$2:$C$31,C11,$F$2:$F$31,">"&F11)+COUNTIFS($C$2:$C$31,C11,$F$2:$F$31,F11,$A$2:$A$31,"<"&A11)+1) -> 15 | I11: =IF(H11="","",C11&"-"&H11) -> East-15
A12: New York Knicks | B12: NYK | C12: East | D12: Atlantic | E12: 53-29 | F12: 54 | G12: =IF(F12="","",82-F12) -> 28 | H12: =IF(F12="","",COUNTIFS($C$2:$C$31,C12,$F$2:$F$31,">"&F12)+COUNTIFS($C$2:$C$31,C12,$F$2:$F$31,F12,$A$2:$A$31,"<"&A12)+1) -> 1 | I12: =IF(H12="","",C12&"-"&H12) -> East-1
A13: Orlando Magic | B13: ORL | C13: East | D13: Southeast | E13: 45-37 | F13: 44 | G13: =IF(F13="","",82-F13) -> 38 | H13: =IF(F13="","",COUNTIFS($C$2:$C$31,C13,$F$2:$F$31,">"&F13)+COUNTIFS($C$2:$C$31,C13,$F$2:$F$31,F13,$A$2:$A$31,"<"&A13)+1) -> 9 | I13: =IF(H13="","",C13&"-"&H13) -> East-9
... A31: Utah Jazz | B31: UTA | C31: West | D31: Northwest | E31: 22-60 | F31: 34 | G31: =IF(F31="","",82-F31) -> 48 | H31: =IF(F31="","",COUNTIFS($C$2:$C$31,C31,$F$2:$F$31,">"&F31)+COUNTIFS($C$2:$C$31,C31,$F$2:$F$31,F31,$A$2:$A$31,"<"&A31)+1) -> 10 | I31: =IF(H31="","",C31&"-"&H31) -> West-10
A33: Total wins | F33: =SUM(F2:F31) -> 1251
A34: Must equal | F34: 1230
A35: Check | F35: =IF(COUNT(F2:F31)<30,30-COUNT(F2:F31)&" teams left",IF(F33=1230,"✓ adds up",IF(F33<1230,(1230-F33)&" wins short",(F33-1230)&" wins too many"))) -> 21 wins too many

Sheet East
A1: Seed | B1: Team | C1: W | D1: L | E1: GB | F1: Status
A2: 1 | B2: =IFERROR(INDEX('My picks'!$A$2:$A$31,MATCH("East-"&A2,'My picks'!$I$2:$I$31,0)),"") -> New York Knicks | C2: =IFERROR(INDEX('My picks'!$F$2:$F$31,MATCH("East-"&A2,'My picks'!$I$2:$I$31,0)),"") -> 54 | D2: =IF(C2="","",82-C2) -> 28 | E2: =IF(C2="","",$C$2-C2) -> 0 | F2: =IF(B2="","",IF(A2<=6,"Playoffs",IF(A2<=10,"Play-in","Lottery"))) -> Playoffs
A3: 2 | B3: =IFERROR(INDEX('My picks'!$A$2:$A$31,MATCH("East-"&A3,'My picks'!$I$2:$I$31,0)),"") -> Detroit Pistons | C3: =IFERROR(INDEX('My picks'!$F$2:$F$31,MATCH("East-"&A3,'My picks'!$I$2:$I$31,0)),"") -> 53 | D3: =IF(C3="","",82-C3) -> 29 | E3: =IF(C3="","",$C$2-C3) -> 1 | F3: =IF(B3="","",IF(A3<=6,"Playoffs",IF(A3<=10,"Play-in","Lottery"))) -> Playoffs
A4: 3 | B4: =IFERROR(INDEX('My picks'!$A$2:$A$31,MATCH("East-"&A4,'My picks'!$I$2:$I$31,0)),"") -> Indiana Pacers | C4: =IFERROR(INDEX('My picks'!$F$2:$F$31,MATCH("East-"&A4,'My picks'!$I$2:$I$31,0)),"") -> 50 | D4: =IF(C4="","",82-C4) -> 32 | E4: =IF(C4="","",$C$2-C4) -> 4 | F4: =IF(B4="","",IF(A4<=6,"Playoffs",IF(A4<=10,"Play-in","Lottery"))) -> Playoffs
A5: 4 | B5: =IFERROR(INDEX('My picks'!$A$2:$A$31,MATCH("East-"&A5,'My picks'!$I$2:$I$31,0)),"") -> Boston Celtics | C5: =IFERROR(INDEX('My picks'!$F$2:$F$31,MATCH("East-"&A5,'My picks'!$I$2:$I$31,0)),"") -> 49 | D5: =IF(C5="","",82-C5) -> 33 | E5: =IF(C5="","",$C$2-C5) -> 5 | F5: =IF(B5="","",IF(A5<=6,"Playoffs",IF(A5<=10,"Play-in","Lottery"))) -> Playoffs
A6: 5 | B6: =IFERROR(INDEX('My picks'!$A$2:$A$31,MATCH("East-"&A6,'My picks'!$I$2:$I$31,0)),"") -> Toronto Raptors | C6: =IFERROR(INDEX('My picks'!$F$2:$F$31,MATCH("East-"&A6,'My picks'!$I$2:$I$31,0)),"") -> 49 | D6: =IF(C6="","",82-C6) -> 33 | E6: =IF(C6="","",$C$2-C6) -> 5 | F6: =IF(B6="","",IF(A6<=6,"Playoffs",IF(A6<=10,"Play-in","Lottery"))) -> Playoffs
A7: 6 | B7: =IFERROR(INDEX('My picks'!$A$2:$A$31,MATCH("East-"&A7,'My picks'!$I$2:$I$31,0)),"") -> Miami Heat | C7: =IFERROR(INDEX('My picks'!$F$2:$F$31,MATCH("East-"&A7,'My picks'!$I$2:$I$31,0)),"") -> 48 | D7: =IF(C7="","",82-C7) -> 34 | E7: =IF(C7="","",$C$2-C7) -> 6 | F7: =IF(B7="","",IF(A7<=6,"Playoffs",IF(A7<=10,"Play-in","Lottery"))) -> Playoffs
A8: 7 | B8: =IFERROR(INDEX('My picks'!$A$2:$A$31,MATCH("East-"&A8,'My picks'!$I$2:$I$31,0)),"") -> Cleveland Cavaliers | C8: =IFERROR(INDEX('My picks'!$F$2:$F$31,MATCH("East-"&A8,'My picks'!$I$2:$I$31,0)),"") -> 47 | D8: =IF(C8="","",82-C8) -> 35 | E8: =IF(C8="","",$C$2-C8) -> 7 | F8: =IF(B8="","",IF(A8<=6,"Playoffs",IF(A8<=10,"Play-in","Lottery"))) -> Play-in
A9: 8 | B9: =IFERROR(INDEX('My picks'!$A$2:$A$31,MATCH("East-"&A9,'My picks'!$I$2:$I$31,0)),"") -> Philadelphia 76ers | C9: =IFERROR(INDEX('My picks'!$F$2:$F$31,MATCH("East-"&A9,'My picks'!$I$2:$I$31,0)),"") -> 47 | D9: =IF(C9="","",82-C9) -> 35 | E9: =IF(C9="","",$C$2-C9) -> 7 | F9: =IF(B9="","",IF(A9<=6,"Playoffs",IF(A9<=10,"Play-in","Lottery"))) -> Play-in
A10: 9 | B10: =IFERROR(INDEX('My picks'!$A$2:$A$31,MATCH("East-"&A10,'My picks'!$I$2:$I$31,0)),"") -> Orlando Magic | C10: =IFERROR(INDEX('My picks'!$F$2:$F$31,MATCH("East-"&A10,'My picks'!$I$2:$I$31,0)),"") -> 44 | D10: =IF(C10="","",82-C10) -> 38 | E10: =IF(C10="","",$C$2-C10) -> 10 | F10: =IF(B10="","",IF(A10<=6,"Playoffs",IF(A10<=10,"Play-in","Lottery"))) -> Play-in
A11: 10 | B11: =IFERROR(INDEX('My picks'!$A$2:$A$31,MATCH("East-"&A11,'My picks'!$I$2:$I$31,0)),"") -> Atlanta Hawks | C11: =IFERROR(INDEX('My picks'!$F$2:$F$31,MATCH("East-"&A11,'My picks'!$I$2:$I$31,0)),"") -> 42 | D11: =IF(C11="","",82-C11) -> 40 | E11: =IF(C11="","",$C$2-C11) -> 12 | F11: =IF(B11="","",IF(A11<=6,"Playoffs",IF(A11<=10,"Play-in","Lottery"))) -> Play-in
A12: 11 | B12: =IFERROR(INDEX('My picks'!$A$2:$A$31,MATCH("East-"&A12,'My picks'!$I$2:$I$31,0)),"") -> Washington Wizards | C12: =IFERROR(INDEX('My picks'!$F$2:$F$31,MATCH("East-"&A12,'My picks'!$I$2:$I$31,0)),"") -> 37 | D12: =IF(C12="","",82-C12) -> 45 | E12: =IF(C12="","",$C$2-C12) -> 17 | F12: =IF(B12="","",IF(A12<=6,"Playoffs",IF(A12<=10,"Play-in","Lottery"))) -> Lottery
A13: 12 | B13: =IFERROR(INDEX('My picks'!$A$2:$A$31,MATCH("East-"&A13,'My picks'!$I$2:$I$31,0)),"") -> Chicago Bulls | C13: =IFERROR(INDEX('My picks'!$F$2:$F$31,MATCH("East-"&A13,'My picks'!$I$2:$I$31,0)),"") -> 35 | D13: =IF(C13="","",82-C13) -> 47 | E13: =IF(C13="","",$C$2-C13) -> 19 | F13: =IF(B13="","",IF(A13<=6,"Playoffs",IF(A13<=10,"Play-in","Lottery"))) -> Lottery
... A16: 15 | B16: =IFERROR(INDEX('My picks'!$A$2:$A$31,MATCH("East-"&A16,'My picks'!$I$2:$I$31,0)),"") -> Milwaukee Bucks | C16: =IFERROR(INDEX('My picks'!$F$2:$F$31,MATCH("East-"&A16,'My picks'!$I$2:$I$31,0)),"") -> 23 | D16: =IF(C16="","",82-C16) -> 59 | E16: =IF(C16="","",$C$2-C16) -> 31 | F16: =IF(B16="","",IF(A16<=6,"Playoffs",IF(A16<=10,"Play-in","Lottery"))) -> Lottery

Sheet West
A1: Seed | B1: Team | C1: W | D1: L | E1: GB | F1: Status
A2: 1 | B2: =IFERROR(INDEX('My picks'!$A$2:$A$31,MATCH("West-"&A2,'My picks'!$I$2:$I$31,0)),"") -> San Antonio Spurs | C2: =IFERROR(INDEX('My picks'!$F$2:$F$31,MATCH("West-"&A2,'My picks'!$I$2:$I$31,0)),"") -> 64 | D2: =IF(C2="","",82-C2) -> 18 | E2: =IF(C2="","",$C$2-C2) -> 0 | F2: =IF(B2="","",IF(A2<=6,"Playoffs",IF(A2<=10,"Play-in","Lottery"))) -> Playoffs
A3: 2 | B3: =IFERROR(INDEX('My picks'!$A$2:$A$31,MATCH("West-"&A3,'My picks'!$I$2:$I$31,0)),"") -> Oklahoma City Thunder | C3: =IFERROR(INDEX('My picks'!$F$2:$F$31,MATCH("West-"&A3,'My picks'!$I$2:$I$31,0)),"") -> 61 | D3: =IF(C3="","",82-C3) -> 21 | E3: =IF(C3="","",$C$2-C3) -> 3 | F3: =IF(B3="","",IF(A3<=6,"Playoffs",IF(A3<=10,"Play-in","Lottery"))) -> Playoffs
A4: 3 | B4: =IFERROR(INDEX('My picks'!$A$2:$A$31,MATCH("West-"&A4,'My picks'!$I$2:$I$31,0)),"") -> Minnesota Timberwolves | C4: =IFERROR(INDEX('My picks'!$F$2:$F$31,MATCH("West-"&A4,'My picks'!$I$2:$I$31,0)),"") -> 53 | D4: =IF(C4="","",82-C4) -> 29 | E4: =IF(C4="","",$C$2-C4) -> 11 | F4: =IF(B4="","",IF(A4<=6,"Playoffs",IF(A4<=10,"Play-in","Lottery"))) -> Playoffs
A5: 4 | B5: =IFERROR(INDEX('My picks'!$A$2:$A$31,MATCH("West-"&A5,'My picks'!$I$2:$I$31,0)),"") -> Los Angeles Lakers | C5: =IFERROR(INDEX('My picks'!$F$2:$F$31,MATCH("West-"&A5,'My picks'!$I$2:$I$31,0)),"") -> 51 | D5: =IF(C5="","",82-C5) -> 31 | E5: =IF(C5="","",$C$2-C5) -> 13 | F5: =IF(B5="","",IF(A5<=6,"Playoffs",IF(A5<=10,"Play-in","Lottery"))) -> Playoffs
A6: 5 | B6: =IFERROR(INDEX('My picks'!$A$2:$A$31,MATCH("West-"&A6,'My picks'!$I$2:$I$31,0)),"") -> Denver Nuggets | C6: =IFERROR(INDEX('My picks'!$F$2:$F$31,MATCH("West-"&A6,'My picks'!$I$2:$I$31,0)),"") -> 50 | D6: =IF(C6="","",82-C6) -> 32 | E6: =IF(C6="","",$C$2-C6) -> 14 | F6: =IF(B6="","",IF(A6<=6,"Playoffs",IF(A6<=10,"Play-in","Lottery"))) -> Playoffs
A7: 6 | B7: =IFERROR(INDEX('My picks'!$A$2:$A$31,MATCH("West-"&A7,'My picks'!$I$2:$I$31,0)),"") -> Houston Rockets | C7: =IFERROR(INDEX('My picks'!$F$2:$F$31,MATCH("West-"&A7,'My picks'!$I$2:$I$31,0)),"") -> 48 | D7: =IF(C7="","",82-C7) -> 34 | E7: =IF(C7="","",$C$2-C7) -> 16 | F7: =IF(B7="","",IF(A7<=6,"Playoffs",IF(A7<=10,"Play-in","Lottery"))) -> Playoffs
A8: 7 | B8: =IFERROR(INDEX('My picks'!$A$2:$A$31,MATCH("West-"&A8,'My picks'!$I$2:$I$31,0)),"") -> Phoenix Suns | C8: =IFERROR(INDEX('My picks'!$F$2:$F$31,MATCH("West-"&A8,'My picks'!$I$2:$I$31,0)),"") -> 46 | D8: =IF(C8="","",82-C8) -> 36 | E8: =IF(C8="","",$C$2-C8) -> 18 | F8: =IF(B8="","",IF(A8<=6,"Playoffs",IF(A8<=10,"Play-in","Lottery"))) -> Play-in
A9: 8 | B9: =IFERROR(INDEX('My picks'!$A$2:$A$31,MATCH("West-"&A9,'My picks'!$I$2:$I$31,0)),"") -> Portland Trail Blazers | C9: =IFERROR(INDEX('My picks'!$F$2:$F$31,MATCH("West-"&A9,'My picks'!$I$2:$I$31,0)),"") -> 44 | D9: =IF(C9="","",82-C9) -> 38 | E9: =IF(C9="","",$C$2-C9) -> 20 | F9: =IF(B9="","",IF(A9<=6,"Playoffs",IF(A9<=10,"Play-in","Lottery"))) -> Play-in
A10: 9 | B10: =IFERROR(INDEX('My picks'!$A$2:$A$31,MATCH("West-"&A10,'My picks'!$I$2:$I$31,0)),"") -> Golden State Warriors | C10: =IFERROR(INDEX('My picks'!$F$2:$F$31,MATCH("West-"&A10,'My picks'!$I$2:$I$31,0)),"") -> 41 | D10: =IF(C10="","",82-C10) -> 41 | E10: =IF(C10="","",$C$2-C10) -> 23 | F10: =IF(B10="","",IF(A10<=6,"Playoffs",IF(A10<=10,"Play-in","Lottery"))) -> Play-in
A11: 10 | B11: =IFERROR(INDEX('My picks'!$A$2:$A$31,MATCH("West-"&A11,'My picks'!$I$2:$I$31,0)),"") -> Utah Jazz | C11: =IFERROR(INDEX('My picks'!$F$2:$F$31,MATCH("West-"&A11,'My picks'!$I$2:$I$31,0)),"") -> 34 | D11: =IF(C11="","",82-C11) -> 48 | E11: =IF(C11="","",$C$2-C11) -> 30 | F11: =IF(B11="","",IF(A11<=6,"Playoffs",IF(A11<=10,"Play-in","Lottery"))) -> Play-in
A12: 11 | B12: =IFERROR(INDEX('My picks'!$A$2:$A$31,MATCH("West-"&A12,'My picks'!$I$2:$I$31,0)),"") -> Dallas Mavericks | C12: =IFERROR(INDEX('My picks'!$F$2:$F$31,MATCH("West-"&A12,'My picks'!$I$2:$I$31,0)),"") -> 32 | D12: =IF(C12="","",82-C12) -> 50 | E12: =IF(C12="","",$C$2-C12) -> 32 | F12: =IF(B12="","",IF(A12<=6,"Playoffs",IF(A12<=10,"Play-in","Lottery"))) -> Lottery
A13: 12 | B13: =IFERROR(INDEX('My picks'!$A$2:$A$31,MATCH("West-"&A13,'My picks'!$I$2:$I$31,0)),"") -> Los Angeles Clippers | C13: =IFERROR(INDEX('My picks'!$F$2:$F$31,MATCH("West-"&A13,'My picks'!$I$2:$I$31,0)),"") -> 26 | D13: =IF(C13="","",82-C13) -> 56 | E13: =IF(C13="","",$C$2-C13) -> 38 | F13: =IF(B13="","",IF(A13<=6,"Playoffs",IF(A13<=10,"Play-in","Lottery"))) -> Lottery
... A16: 15 | B16: =IFERROR(INDEX('My picks'!$A$2:$A$31,MATCH("West-"&A16,'My picks'!$I$2:$I$31,0)),"") -> New Orleans Pelicans | C16: =IFERROR(INDEX('My picks'!$F$2:$F$31,MATCH("West-"&A16,'My picks'!$I$2:$I$31,0)),"") -> 19 | D16: =IF(C16="","",82-C16) -> 63 | E16: =IF(C16="","",$C$2-C16) -> 45 | F16: =IF(B16="","",IF(A16<=6,"Playoffs",IF(A16<=10,"Play-in","Lottery"))) -> Lottery
